performance_id,spend_date,campaign_id,impressions,clicks,ad_spend_inr
1,2026-08-01,CMP_G_01,8819,439,1695.2
2,2026-08-01,CMP_G_02,12572,625,1142.85
3,2026-08-01,CMP_G_03,10848,507,1747.38
4,2026-08-01,CMP_M_01,18070,380,1263.57
5,2026-08-01,CMP_M_02,15869,410,2210.71
6,2026-08-01,CMP_M_03,37981,973,2632.04
7,2026-08-02,CMP_G_01,17115,876,1108.62
8,2026-08-02,CMP_G_02,13231,647,809.1
9,2026-08-02,CMP_G_03,13094,514,1276.35
10,2026-08-02,CMP_M_01,18349,354,2726.99
11,2026-08-02,CMP_M_02,42770,975,1393.43
12,2026-08-02,CMP_M_03,16423,463,1729.04
13,2026-08-03,CMP_G_01,20403,746,1550.72
14,2026-08-03,CMP_G_02,19850,923,1210.45
15,2026-08-03,CMP_G_03,9501,458,1786.4
16,2026-08-03,CMP_M_01,17614,527,2746.14
17,2026-08-03,CMP_M_02,27455,601,2932.97
18,2026-08-03,CMP_M_03,26954,546,2471.37
19,2026-08-04,CMP_G_01,16748,821,1297.38
20,2026-08-04,CMP_G_02,10339,487,1756.97
21,2026-08-04,CMP_G_03,16021,613,1039.59
22,2026-08-04,CMP_M_01,35971,994,1958.91
23,2026-08-04,CMP_M_02,25626,763,1639.23
24,2026-08-04,CMP_M_03,22505,664,2752.0
25,2026-08-05,CMP_G_01,21145,853,1927.06
26,2026-08-05,CMP_G_02,18311,718,1095.38
27,2026-08-05,CMP_G_03,23035,872,1498.92
28,2026-08-05,CMP_M_01,39411,1019,1479.26
29,2026-08-05,CMP_M_02,34155,819,1725.48
30,2026-08-05,CMP_M_03,26861,565,2367.07
31,2026-08-06,CMP_G_01,24696,1108,2196.55
32,2026-08-06,CMP_G_02,11592,441,1858.1
33,2026-08-06,CMP_G_03,21833,1024,1023.97
34,2026-08-06,CMP_M_01,34526,1102,1969.53
35,2026-08-06,CMP_M_02,33128,995,2258.23
36,2026-08-06,CMP_M_03,38616,757,1222.96
37,2026-08-07,CMP_G_01,16743,843,2038.7
38,2026-08-07,CMP_G_02,17617,769,1276.25
39,2026-08-07,CMP_G_03,16630,905,1435.21
40,2026-08-07,CMP_M_01,31635,973,2723.92
41,2026-08-07,CMP_M_02,24779,738,2941.04
42,2026-08-07,CMP_M_03,21517,433,2215.33
43,2026-08-08,CMP_G_01,8018,376,1867.52
44,2026-08-08,CMP_G_02,11665,625,1484.05
45,2026-08-08,CMP_G_03,18076,719,2030.21
46,2026-08-08,CMP_M_01,33591,1049,1681.74
47,2026-08-08,CMP_M_02,30924,909,1371.31
48,2026-08-08,CMP_M_03,32455,932,3155.97
49,2026-08-09,CMP_G_01,23574,1271,979.75
50,2026-08-09,CMP_G_02,21865,1186,1031.18
51,2026-08-09,CMP_G_03,14591,718,2100.48
52,2026-08-09,CMP_M_01,37009,1002,1997.98
53,2026-08-09,CMP_M_02,31959,777,2076.2
54,2026-08-09,CMP_M_03,17098,388,1695.81
55,2026-08-10,CMP_G_01,15540,726,1623.63
56,2026-08-10,CMP_G_02,9929,392,810.07
57,2026-08-10,CMP_G_03,18827,685,2067.59
58,2026-08-10,CMP_M_01,36921,915,1676.01
59,2026-08-10,CMP_M_02,38702,1203,2278.47
60,2026-08-10,CMP_M_03,30488,652,2342.09
61,2026-08-11,CMP_G_01,21338,828,1462.16
62,2026-08-11,CMP_G_02,22124,931,935.7
63,2026-08-11,CMP_G_03,9775,473,1375.54
64,2026-08-11,CMP_M_01,18224,343,3168.33
65,2026-08-11,CMP_M_02,41233,1239,2656.43
66,2026-08-11,CMP_M_03,21232,541,1697.31
67,2026-08-12,CMP_G_01,14012,568,996.26
68,2026-08-12,CMP_G_02,10470,459,1149.73
69,2026-08-12,CMP_G_03,11208,403,2005.89
70,2026-08-12,CMP_M_01,42394,771,3198.56
71,2026-08-12,CMP_M_02,39692,1186,1386.53
72,2026-08-12,CMP_M_03,30913,764,1532.62
73,2026-08-13,CMP_G_01,9921,379,2010.51
74,2026-08-13,CMP_G_02,20793,838,803.02
75,2026-08-13,CMP_G_03,22909,932,1897.7
76,2026-08-13,CMP_M_01,38937,1243,2593.18
77,2026-08-13,CMP_M_02,38540,956,2311.54
78,2026-08-13,CMP_M_03,22133,698,1579.8
79,2026-08-14,CMP_G_01,9997,499,1610.85
80,2026-08-14,CMP_G_02,23623,1064,880.03
81,2026-08-14,CMP_G_03,13158,475,1993.81
82,2026-08-14,CMP_M_01,42896,883,2215.66
83,2026-08-14,CMP_M_02,37125,1116,2390.07
84,2026-08-14,CMP_M_03,44172,1147,2007.55
85,2026-08-15,CMP_G_01,9302,440,1610.49
86,2026-08-15,CMP_G_02,18366,986,1386.91
87,2026-08-15,CMP_G_03,18295,727,1085.96
88,2026-08-15,CMP_M_01,37009,1000,1991.57
89,2026-08-15,CMP_M_02,39637,1232,2114.45
90,2026-08-15,CMP_M_03,35354,1130,1218.63
91,2026-08-16,CMP_G_01,10400,475,2194.54
92,2026-08-16,CMP_G_02,12340,662,1508.24
93,2026-08-16,CMP_G_03,16004,678,2033.21
94,2026-08-16,CMP_M_01,42320,1083,1515.49
95,2026-08-16,CMP_M_02,41447,1125,1805.03
96,2026-08-16,CMP_M_03,41774,1076,1215.65
97,2026-08-17,CMP_G_01,11394,612,2104.46
98,2026-08-17,CMP_G_02,11782,622,988.01
99,2026-08-17,CMP_G_03,13093,529,1839.38
100,2026-08-17,CMP_M_01,38514,878,2409.66
101,2026-08-17,CMP_M_02,42948,931,2574.99
102,2026-08-17,CMP_M_03,44666,1371,2177.06
103,2026-08-18,CMP_G_01,21879,1128,871.12
104,2026-08-18,CMP_G_02,18929,954,861.72
105,2026-08-18,CMP_G_03,16583,633,1691.96
106,2026-08-18,CMP_M_01,38123,914,2083.67
107,2026-08-18,CMP_M_02,17465,545,1219.34
108,2026-08-18,CMP_M_03,19884,509,2582.04
109,2026-08-19,CMP_G_01,12852,560,1968.43
110,2026-08-19,CMP_G_02,19948,1056,858.56
111,2026-08-19,CMP_G_03,9307,493,1914.57
112,2026-08-19,CMP_M_01,23176,633,1620.15
113,2026-08-19,CMP_M_02,33346,1012,1907.36
114,2026-08-19,CMP_M_03,35337,1006,2012.75
115,2026-08-20,CMP_G_01,15757,823,2096.07
116,2026-08-20,CMP_G_02,13801,726,2166.69
117,2026-08-20,CMP_G_03,18885,956,834.7
118,2026-08-20,CMP_M_01,36951,1112,2023.43
119,2026-08-20,CMP_M_02,23742,480,2821.5
120,2026-08-20,CMP_M_03,27535,831,2602.56
121,2026-08-21,CMP_G_01,15288,596,2002.03
122,2026-08-21,CMP_G_02,19457,799,2085.83
123,2026-08-21,CMP_G_03,15457,609,1913.48
124,2026-08-21,CMP_M_01,28056,633,2520.07
125,2026-08-21,CMP_M_02,40340,883,2928.71
126,2026-08-21,CMP_M_03,28096,773,2482.96
127,2026-08-22,CMP_G_01,18851,1013,1981.13
128,2026-08-22,CMP_G_02,16559,638,961.48
129,2026-08-22,CMP_G_03,16698,597,2147.55
130,2026-08-22,CMP_M_01,26327,742,2393.14
131,2026-08-22,CMP_M_02,34864,1107,1827.35
132,2026-08-22,CMP_M_03,44474,1159,1431.29
133,2026-08-23,CMP_G_01,22288,780,1156.61
134,2026-08-23,CMP_G_02,14456,611,2095.81
135,2026-08-23,CMP_G_03,18819,893,897.96
136,2026-08-23,CMP_M_01,19083,535,2526.77
137,2026-08-23,CMP_M_02,25134,687,1800.64
138,2026-08-23,CMP_M_03,37846,837,1852.37
139,2026-08-24,CMP_G_01,21777,1051,978.2
140,2026-08-24,CMP_G_02,13702,648,1330.8
141,2026-08-24,CMP_G_03,8013,329,1221.33
142,2026-08-24,CMP_M_01,40747,1064,1620.37
143,2026-08-24,CMP_M_02,30236,731,2509.41
144,2026-08-24,CMP_M_03,31750,781,2551.25
145,2026-08-25,CMP_G_01,13560,653,2061.65
146,2026-08-25,CMP_G_02,18983,699,1197.3
147,2026-08-25,CMP_G_03,15696,760,2132.8
148,2026-08-25,CMP_M_01,21525,431,1649.28
149,2026-08-25,CMP_M_02,30569,811,1292.43
150,2026-08-25,CMP_M_03,29923,712,2736.98
151,2026-08-26,CMP_G_01,14371,709,1681.67
152,2026-08-26,CMP_G_02,21095,841,1337.57
153,2026-08-26,CMP_G_03,8181,432,1718.48
154,2026-08-26,CMP_M_01,44014,857,2920.88
155,2026-08-26,CMP_M_02,20763,607,2050.29
156,2026-08-26,CMP_M_03,30222,565,2591.82
157,2026-08-27,CMP_G_01,11976,528,1148.88
158,2026-08-27,CMP_G_02,18397,993,1921.98
159,2026-08-27,CMP_G_03,24540,1068,2048.0
160,2026-08-27,CMP_M_01,29611,904,3013.71
161,2026-08-27,CMP_M_02,30554,742,2687.31
162,2026-08-27,CMP_M_03,42520,1144,2703.55
163,2026-08-28,CMP_G_01,23879,1135,1872.14
164,2026-08-28,CMP_G_02,10538,519,1184.44
165,2026-08-28,CMP_G_03,19005,786,1128.29
166,2026-08-28,CMP_M_01,19534,392,2280.3
167,2026-08-28,CMP_M_02,20007,557,1966.07
168,2026-08-28,CMP_M_03,28356,641,1328.46
169,2026-08-29,CMP_G_01,10040,392,1452.29
170,2026-08-29,CMP_G_02,8640,450,1388.2
171,2026-08-29,CMP_G_03,20464,911,1871.83
172,2026-08-29,CMP_M_01,24784,707,3085.48
173,2026-08-29,CMP_M_02,42385,1011,2906.9
174,2026-08-29,CMP_M_03,32895,960,2695.03
175,2026-08-30,CMP_G_01,23998,945,2056.94
176,2026-08-30,CMP_G_02,8951,382,1410.17
177,2026-08-30,CMP_G_03,21248,1051,1736.42
178,2026-08-30,CMP_M_01,19182,608,2881.01
179,2026-08-30,CMP_M_02,44718,1051,2268.25
180,2026-08-30,CMP_M_03,15888,304,2328.78
181,2026-08-31,CMP_G_01,23128,893,1400.06
182,2026-08-31,CMP_G_02,18726,734,1164.22
183,2026-08-31,CMP_G_03,20423,828,1257.58
184,2026-08-31,CMP_M_01,28813,620,3102.41
185,2026-08-31,CMP_M_02,15635,445,1363.81
186,2026-08-31,CMP_M_03,26467,559,1304.17
187,2026-09-01,CMP_G_01,9319,466,896.07
188,2026-09-01,CMP_G_02,14532,752,2129.46
189,2026-09-01,CMP_G_03,15816,593,1669.87
190,2026-09-01,CMP_M_01,33480,1046,2538.92
191,2026-09-01,CMP_M_02,23396,672,2130.07
192,2026-09-01,CMP_M_03,34898,1099,1535.58
193,2026-09-02,CMP_G_01,13366,725,1805.7
194,2026-09-02,CMP_G_02,8841,473,951.34
195,2026-09-02,CMP_G_03,20298,871,1606.12
196,2026-09-02,CMP_M_01,17490,459,2630.03
197,2026-09-02,CMP_M_02,22957,445,2861.14
198,2026-09-02,CMP_M_03,42862,1182,2744.96
199,2026-09-03,CMP_G_01,9345,391,1927.74
200,2026-09-03,CMP_G_02,20142,732,1399.73
201,2026-09-03,CMP_G_03,8414,437,1706.56
202,2026-09-03,CMP_M_01,18458,444,2844.66
203,2026-09-03,CMP_M_02,44215,1308,1924.38
204,2026-09-03,CMP_M_03,29270,599,2614.62
205,2026-09-04,CMP_G_01,16850,797,1530.45
206,2026-09-04,CMP_G_02,23843,1056,2087.46
207,2026-09-04,CMP_G_03,16794,696,1956.03
208,2026-09-04,CMP_M_01,17839,390,1690.99
209,2026-09-04,CMP_M_02,39591,970,2101.6
210,2026-09-04,CMP_M_03,27418,622,2420.66
211,2026-09-05,CMP_G_01,18650,720,1492.03
212,2026-09-05,CMP_G_02,16465,688,1096.97
213,2026-09-05,CMP_G_03,17052,786,2032.45
214,2026-09-05,CMP_M_01,21260,408,2233.25
215,2026-09-05,CMP_M_02,31009,799,2640.15
216,2026-09-05,CMP_M_03,30600,827,1680.65
217,2026-09-06,CMP_G_01,8565,315,1487.15
218,2026-09-06,CMP_G_02,15972,656,1110.23
219,2026-09-06,CMP_G_03,23507,1082,1614.18
220,2026-09-06,CMP_M_01,39442,1013,1887.51
221,2026-09-06,CMP_M_02,29868,650,1903.62
222,2026-09-06,CMP_M_03,18953,532,1702.81
223,2026-09-07,CMP_G_01,14066,546,1241.77
224,2026-09-07,CMP_G_02,17060,844,1834.05
225,2026-09-07,CMP_G_03,17273,943,2167.25
226,2026-09-07,CMP_M_01,24707,523,2865.26
227,2026-09-07,CMP_M_02,15463,431,1558.88
228,2026-09-07,CMP_M_03,16491,521,1453.17
229,2026-09-08,CMP_G_01,12137,579,1574.7
230,2026-09-08,CMP_G_02,11361,595,1853.91
231,2026-09-08,CMP_G_03,23381,1042,1603.69
232,2026-09-08,CMP_M_01,16683,359,1881.41
233,2026-09-08,CMP_M_02,18738,552,2923.45
234,2026-09-08,CMP_M_03,17427,454,2001.41
235,2026-09-09,CMP_G_01,12971,492,1761.03
236,2026-09-09,CMP_G_02,17956,659,1587.98
237,2026-09-09,CMP_G_03,21637,1019,1147.47
238,2026-09-09,CMP_M_01,22395,646,2781.48
239,2026-09-09,CMP_M_02,44769,1083,1960.76
240,2026-09-09,CMP_M_03,29051,647,2920.33
241,2026-09-10,CMP_G_01,11251,607,1669.44
242,2026-09-10,CMP_G_02,14914,600,1090.9
243,2026-09-10,CMP_G_03,15859,610,913.66
244,2026-09-10,CMP_M_01,15087,357,1350.13
245,2026-09-10,CMP_M_02,30398,671,2578.74
246,2026-09-10,CMP_M_03,38165,838,1662.95
247,2026-09-11,CMP_G_01,10332,503,2003.45
248,2026-09-11,CMP_G_02,14482,630,2093.48
249,2026-09-11,CMP_G_03,12882,684,1562.39
250,2026-09-11,CMP_M_01,17339,326,2853.26
251,2026-09-11,CMP_M_02,34498,982,2785.26
252,2026-09-11,CMP_M_03,24457,590,2338.41
253,2026-09-12,CMP_G_01,17964,880,1456.18
254,2026-09-12,CMP_G_02,24399,1117,2119.75
255,2026-09-12,CMP_G_03,9306,491,1412.86
256,2026-09-12,CMP_M_01,34782,747,2669.07
257,2026-09-12,CMP_M_02,37095,1101,1382.65
258,2026-09-12,CMP_M_03,15679,501,2350.4
259,2026-09-13,CMP_G_01,16831,783,1741.19
260,2026-09-13,CMP_G_02,13740,610,1868.35
261,2026-09-13,CMP_G_03,17114,661,1712.11
262,2026-09-13,CMP_M_01,35800,1052,2370.66
263,2026-09-13,CMP_M_02,30401,695,3138.11
264,2026-09-13,CMP_M_03,36958,719,1866.62
265,2026-09-14,CMP_G_01,21488,1050,1025.15
266,2026-09-14,CMP_G_02,21122,1082,1203.5
267,2026-09-14,CMP_G_03,22903,841,1570.14
268,2026-09-14,CMP_M_01,18798,593,1704.8
269,2026-09-14,CMP_M_02,31862,941,2008.35
270,2026-09-14,CMP_M_03,43487,1113,1202.3
